date,price
0,0
1,869.75
2,860.0
3,844.0
4,864.0
5,842.5
6,854.0
7,848.5
8,815.5
9,827.25
10,813.0
11,824.25
12,842.5
13,835.0
14,860.5
15,847.75
16,873.0
17,906.5
18,896.0
19,891.25
20,878.5
21,918.5
22,913.75
23,902.0
24,902.25
25,914.75
26,914.0
27,901.0
28,896.0
29,922.0
30,944.0
31,939.25
32,943.0
33,962.25
34,964.75
35,973.5
36,981.0
37,987.0
38,989.75
39,956.25
40,945.0
41,943.75
42,949.5
43,924.75
44,911.0
45,913.25
46,937.75
47,934.75
48,911.5
49,900.0
50,914.5
51,920.0
52,923.0
53,920.0
54,910.75
55,937.25
56,957.0
57,952.75
58,928.75
59,921.25
60,935.5
61,927.0
62,923.0
63,918.5
64,919.5
65,914.75
66,901.5
67,879.5
68,879.25
69,887.25
70,883.75
71,895.0
72,892.25
73,889.0
74,872.0
75,870.0
76,888.75
77,885.0
78,894.5
79,909.0
80,911.75
81,897.0
82,894.5
83,889.0
84,881.5
85,903.0
86,903.5
87,912.75
88,917.5
89,912.5
90,920.0
91,925.75
92,923.25
93,925.0
94,929.75
95,921.5
96,928.5
97,940.0
98,952.5
99,942.0
100,949.5
101,949.75
102,972.0
103,987.0
104,973.5
105,979.0
106,967.25
107,977.75
108,946.5
109,952.5
110,961.25
111,953.0
112,950.0
113,932.0
114,936.75
115,933.75
116,936.75
117,933.75
118,924.0
119,920.25
120,928.75
121,934.25
122,943.0
123,939.75
124,941.0
125,931.5
126,936.0
127,932.5
128,921.5
129,925.75
130,920.75
131,914.75
132,910.0
133,908.5
134,921.75
135,930.0
136,935.25
137,934.5
138,952.25
139,947.75
140,945.5
141,955.25
142,949.75
143,956.0
144,955.0
145,935.5
146,932.0
147,936.5
148,954.25
149,953.5
150,964.5
151,960.75
152,960.5
153,953.5
154,946.0
155,943.5
156,956.0
157,957.5
158,937.5
159,938.25
160,934.25
161,943.5
162,941.5
163,953.75
164,947.5
165,949.5
166,943.5
167,950.75
168,949.75
169,955.0
170,982.5
171,987.25
172,992.75
173,1004.5
174,995.75
175,988.5
176,998.25
177,994.25
178,997.5
179,1017.0
180,1020.5
181,1014.0
182,999.25
183,1015.75
184,1014.75
185,1014.0
186,997.0
187,990.5
188,991.75
189,1001.25
190,1005.75
191,998.0
192,1004.25
193,1020.25
194,1047.0
195,1054.75
196,1046.75
197,1052.0
198,1064.5
199,1066.0
200,1052.5
201,1047.75
202,1054.5
203,1064.0
204,1053.5
205,1054.75
206,1061.25
207,1055.0
208,1040.75
209,1035.5
210,1034.0
211,1044.5
212,1052.0
213,1058.0
214,1091.75
215,1088.0
216,1095.0
217,1108.5
218,1099.75
219,1114.75
220,1116.0
221,1107.5
222,1128.75
223,1131.75
224,1146.0
225,1136.0
226,1142.5
227,1166.0
228,1170.25
229,1176.5
230,1183.0
231,1164.5
232,1172.0
233,1193.5
234,1211.5
235,1218.25
236,1203.25
237,1147.5
238,1164.25
239,1142.25
240,1125.75
241,1140.0
242,1120.0
243,1115.0
244,1134.0
245,1121.5
246,1106.5
247,1113.25
248,1094.25
249,1080.5
250,1104.5
251,1103.0
252,1092.5
253,1104.0
254,1113.0
255,1125.25
256,1125.0
257,1130.75
258,1121.75
259,1158.0
260,1152.75
261,1132.75
262,1137.5
263,1132.0
264,1135.75
265,1134.0
266,1129.0
267,1104.0
268,1096.5
269,1103.5
270,1090.75
271,1094.75
272,1091.75
273,1082.75
274,1082.0
275,1114.0
276,1118.5
277,1102.5
278,1052.25
279,1070.0
280,1068.0
281,1075.5
282,1079.5
283,1078.25
284,1099.5
285,1115.25
286,1118.25
287,1105.5
288,1107.0
289,1119.75
290,1112.0
291,1093.0
292,1092.75
293,1112.5
294,1117.25
295,1116.0
296,1136.25
297,1136.25
298,1135.0
299,1134.0
300,1120.0
301,1124.5
302,1106.0
303,1118.75
304,1104.0
305,1113.25
306,1131.25
307,1122.75
308,1121.5
309,1104.25
310,1100.75
311,1094.0
312,1093.5
313,1098.0
314,1111.25
315,1109.75
316,1109.5
317,1116.0
318,1124.0
319,1133.25
320,1146.5
321,1156.0
322,1163.5
323,1149.25
324,1159.0
325,1151.25
326,1157.0
327,1127.5
328,1142.5
329,1143.75
330,1144.25
331,1140.0
332,1154.0
333,1152.25
334,1164.25
335,1170.0
336,1175.25
337,1184.25
338,1172.0
339,1178.0
340,1199.6
341,1188.25
342,1209.0
343,1241.25
344,1235.0
345,1238.75
346,1230.25
347,1215.0
348,1209.5
349,1187.25
350,1183.5
351,1183.75
352,1189.5
353,1212.5
354,1210.75
355,1214.0
356,1219.75
357,1221.0
358,1219.75
359,1203.5
360,1212.4
361,1248.0
362,1235.0
363,1220.0
364,1220.5
365,1229.5
366,1223.0
367,1235.5
368,1234.5
369,1244.0
370,1259.5
371,1235.25
372,1243.0
373,1233.25
374,1242.5
375,1256.0
376,1236.0
377,1240.5
378,1240.0
379,1210.5
380,1208.5
381,1210.75
382,1186.0
383,1201.25
384,1196.25
385,1203.75
386,1206.5
387,1212.25
388,1211.75
389,1204.75
390,1190.25
391,1181.5
392,1191.25
393,1187.0
394,1198.75
395,1189.0
396,1184.0
397,1164.0
398,1166.0
399,1168.0
400,1178.0
401,1184.0
402,1194.5
403,1195.5
404,1194.5
405,1206.0
406,1196.75
407,1198.0
408,1200.0
409,1215.0
410,1222.0
411,1226.25
412,1223.0
413,1228.0
414,1230.5
415,1227.0
416,1218.0
417,1237.5
418,1240.25
419,1234.5
420,1233.5
421,1250.0
422,1247.75
423,1252.0
424,1249.5
425,1247.25
426,1258.0
427,1253.5
428,1248.75
429,1243.0
430,1253.25
431,1270.4
432,1271.25
433,1281.5
434,1280.25
435,1278.75
436,1291.75
437,1291.5
438,1298.0
439,1298.25
440,1289.0
441,1307.5
442,1311.0
443,1313.0
444,1316.0
445,1325.75
446,1347.0
447,1359.5
448,1330.5
449,1348.5
450,1343.5
451,1358.5
452,1380.75
453,1377.25
454,1359.75
455,1367.75
456,1340.5
457,1345.25
458,1319.0
459,1345.0
460,1334.0
461,1332.25
462,1326.5
463,1336.75
464,1361.5
465,1358.0
466,1358.5
467,1361.0
468,1384.25
469,1390.0
470,1416.25
471,1402.0
472,1413.0
473,1387.0
474,1367.0
475,1363.25
476,1336.5
477,1356.75
478,1357.5
479,1357.5
480,1361.0
481,1376.25
482,1370.5
483,1366.5
484,1360.0
485,1375.0
486,1391.5
487,1390.0
488,1391.75
489,1411.5
490,1426.0
491,1395.0
492,1382.0
493,1390.0
494,1388.25
495,1405.0
496,1388.25
497,1384.0
498,1374.75
499,1381.0
500,1386.0
501,1389.0
502,1384.0
503,1380.5
504,1403.5
505,1411.5
506,1410.25
507,1405.5
508,1382.75
509,1376.0
510,1358.0
511,1368.25
512,1381.0
513,1383.5
514,1380.75
515,1369.25
516,1357.5
517,1368.75
518,1373.75
519,1364.5
520,1344.0
521,1347.5
522,1326.0
523,1335.5
524,1337.5
525,1316.0
526,1333.5
527,1337.5
528,1337.0
529,1332.5
530,1347.5
531,1347.0
532,1354.0
533,1362.5
534,1358.75
535,1359.0
536,1356.75
537,1372.25
538,1374.5
539,1377.0
540,1385.5
541,1399.5
542,1394.5
543,1401.25
544,1414.5
545,1405.0
546,1409.75
547,1414.5
548,1430.5
549,1430.5
550,1418.0
551,1437.0
552,1435.0
553,1431.5
554,1424.25
555,1409.75
556,1424.5
557,1407.0
558,1398.5
559,1403.5
560,1415.5
561,1427.75
562,1425.5
563,1433.0
564,1441.25
565,1434.0
566,1420.0
567,1414.0
568,1419.0
569,1431.0
570,1434.5
571,1432.5
572,1434.5
573,1457.0
574,1456.5
575,1470.5
576,1469.5
577,1461.25
578,1458.0
579,1457.5
580,1472.5
581,1484.5
582,1495.0
583,1505.0
584,1507.0
585,1505.0
586,1508.0
587,1531.0
588,1546.5
589,1536.0
590,1514.5
591,1487.75
592,1505.0
593,1517.25
594,1524.5
595,1488.25
596,1511.0
597,1495.0
598,1495.5
599,1491.25
600,1488.75
601,1502.75
602,1508.5
603,1520.75
604,1527.0
605,1521.5
606,1525.0
607,1537.0
608,1532.25
609,1540.75
610,1531.0
611,1542.75
612,1548.4
613,1535.5
614,1534.0
615,1541.0
616,1524.7
617,1519.0
618,1517.75
619,1525.0
620,1526.25
621,1537.0
622,1543.0
623,1546.0
624,1541.5
625,1521.0
626,1501.0
627,1502.5
628,1506.0
629,1508.0
630,1492.75
631,1495.25
632,1498.75
633,1515.8
634,1526.25
635,1526.0
636,1543.5
637,1544.5
638,1571.5
639,1592.5
640,1578.5
641,1598.25
642,1602.0
643,1584.25
644,1600.5
645,1588.0
646,1618.5
647,1610.0
648,1621.0
649,1617.5
650,1613.75
651,1613.5
652,1624.0
653,1667.5
654,1664.25
655,1665.0
656,1709.75
657,1770.0
658,1753.75
659,1786.0
660,1755.0
661,1738.0
662,1779.0
663,1792.0
664,1794.5
665,1862.0
666,1877.75
667,1886.5
668,1850.0
669,1716.5
670,1787.0
671,1791.0
672,1826.0
673,1815.5
674,1854.0
675,1896.5
676,1891.0
677,1844.0
678,1827.0
679,1879.5
680,1843.0
681,1806.0
682,1829.0
683,1806.0
684,1778.0
685,1817.0
686,1792.0
687,1810.25
688,1765.5
689,1730.0
690,1615.0
691,1671.0
692,1655.0
693,1620.0
694,1629.0
695,1660.0
696,1672.0
697,1600.0
698,1649.5
699,1651.0
700,1664.0
701,1662.0
702,1687.0
703,1673.0
704,1676.0
705,1689.0
706,1658.0
707,1651.0
708,1629.0
709,1623.0
710,1651.0
711,1656.25
712,1713.0
713,1708.0
714,1735.0
715,1718.0
716,1702.0
717,1731.0
718,1732.5
719,1756.0
720,1764.0
721,1794.0
722,1780.0
723,1766.0
724,1764.0
725,1780.5
726,1765.0
727,1773.0
728,1756.0
729,1730.0
730,1704.0
731,1697.5
732,1686.0
733,1699.0
734,1676.0
735,1714.0
736,1717.0
737,1704.0
738,1750.0
739,1751.0
740,1744.0
741,1720.0
742,1731.0
743,1739.0
744,1712.0
745,1680.0
746,1665.0
747,1635.0
748,1590.0
749,1589.5
750,1593.0
751,1605.0
752,1637.5
753,1609.0
754,1607.5
755,1584.0
756,1537.5
757,1574.5
758,1590.0
759,1603.0
760,1614.5
761,1621.0
762,1618.0
763,1627.0
764,1641.0
765,1652.5
766,1642.0
767,1643.5
768,1662.0
769,1657.0
770,1664.0
771,1646.0
772,1675.0
773,1669.0
774,1659.0
775,1713.0
776,1722.0
777,1720.5
778,1738.0
779,1744.0
780,1747.5
781,1759.5
782,1717.0
783,1720.0
784,1743.0
785,1733.0
786,1715.5
787,1727.0
788,1721.0
789,1725.5
790,1716.0
791,1732.0
792,1729.5
793,1737.0
794,1754.75
795,1776.5
796,1778.5
797,1765.0
798,1774.75
799,1788.0
800,1721.0
801,1714.5
802,1698.0
803,1685.5
804,1682.5
805,1701.5
806,1699.5
807,1705.25
808,1694.75
809,1662.0
810,1646.75
811,1649.0
812,1654.0
813,1648.5
814,1656.0
815,1636.0
816,1651.0
817,1658.0
818,1694.0
819,1677.0
820,1655.75
821,1660.75
822,1664.0
823,1674.75
824,1631.75
825,1622.5
826,1643.75
827,1654.0
828,1655.5
829,1670.5
830,1648.25
831,1652.0
832,1646.5
833,1642.0
834,1640.0
835,1632.0
836,1638.75
837,1641.25
838,1648.25
839,1654.0
840,1662.5
841,1661.25
842,1652.5
843,1642.5
844,1629.5
845,1627.0
846,1585.5
847,1590.0
848,1580.75
849,1563.0
850,1559.0
851,1537.5
852,1547.0
853,1588.0
854,1590.25
855,1575.75
856,1555.0
857,1558.5
858,1560.5
859,1579.0
860,1573.75
861,1548.75
862,1567.5
863,1552.5
864,1633.25
865,1620.75
866,1576.0
867,1593.0
868,1589.25
869,1612.75
870,1619.0
871,1622.25
872,1623.5
873,1628.5
874,1618.75
875,1600.0
876,1570.5
877,1569.0
878,1583.25
879,1567.5
880,1567.75
881,1569.5
882,1596.25
883,1608.5
884,1617.0
885,1616.75
886,1591.75
887,1581.0
888,1594.5
889,1576.5
890,1565.5
891,1579.0
892,1584.0
893,1595.0
894,1579.5
895,1580.0
896,1583.0
897,1571.5
898,1573.0
899,1587.5
900,1603.0
901,1618.75
902,1616.5
903,1622.75
904,1614.75
905,1604.5
906,1595.0
907,1606.75
908,1613.0
909,1607.0
910,1612.75
911,1608.5
912,1622.25
913,1614.5
914,1594.75
915,1603.5
916,1616.5
917,1615.25
918,1624.0
919,1640.5
920,1662.5
921,1666.5
922,1663.5
923,1664.25
924,1657.0
925,1657.75
926,1686.0
927,1691.5
928,1689.5
929,1708.5
930,1696.0
931,1732.75
932,1731.0
933,1742.75
934,1730.5
935,1772.5
936,1767.25
937,1756.75
938,1774.5
939,1760.0
940,1773.75
941,1758.5
942,1766.75
943,1763.75
944,1755.25
945,1781.0
946,1770.5
947,1778.5
948,1777.25
949,1786.5
950,1790.0
951,1769.0
952,1770.75
953,1763.0
954,1767.25
955,1767.0
956,1747.25
957,1737.5
958,1747.75
959,1748.0
960,1732.75
961,1725.0
962,1717.0
963,1708.5
964,1715.0
965,1704.0
966,1712.0
967,1713.5
968,1718.0
969,1723.25
970,1708.25
971,1679.0
972,1691.75
973,1730.5
974,1715.0
975,1732.75
976,1735.75
977,1724.75
978,1724.5
979,1723.5
980,1710.0
981,1723.25
982,1734.0
983,1726.75
984,1729.75
985,1734.75
986,1747.25
987,1747.25
988,1741.0
989,1724.5
990,1728.25
991,1718.0
992,1706.75
993,1703.0
994,1693.0
995,1697.0
996,1708.5
997,1709.75
998,1712.5
999,1694.75
1000,1696.5
1001,1690.0
1002,1699.5
1003,1674.5
1004,1667.0
1005,1648.25
1006,1662.5
1007,1655.25
1008,1658.75
1009,1664.0
1010,1681.5
1011,1684.5
1012,1632.25
1013,1653.75
1014,1653.75
1015,1663.5
1016,1663.0
1017,1669.5
1018,1667.75
1019,1681.0
1020,1679.75
1021,1683.25
1022,1690.0
1023,1688.0
1024,1692.5
1025,1692.25
1026,1677.0
1027,1670.25
1028,1656.75
1029,1660.5
1030,1666.25
1031,1674.5
1032,1665.0
1033,1664.25
1034,1678.0
1035,1670.0
1036,1675.75
1037,1669.75
1038,1663.5
1039,1641.75
1040,1648.0
1041,1644.0
1042,1629.25
1043,1611.25
1044,1613.5
1045,1602.0
1046,1568.5
1047,1580.0
1048,1592.5
1049,1597.25
1050,1608.5
1051,1591.0
1052,1570.0
1053,1578.0
1054,1584.25
1055,1574.0
1056,1580.5
1057,1577.0
1058,1577.5
1059,1582.5
1060,1591.5
1061,1585.0
1062,1593.25
1063,1599.5
1064,1602.5
1065,1611.5
1066,1608.75
1067,1611.5
1068,1602.25
1069,1597.25
1070,1591.0
1071,1602.5
1072,1597.75
1073,1568.5
1074,1545.25
1075,1552.75
1076,1577.25
1077,1572.5
1078,1581.5
1079,1555.75
1080,1548.0
1081,1416.0
1082,1378.0
1083,1379.0
1084,1397.0
1085,1414.0
1086,1425.0
1087,1417.25
1088,1424.5
1089,1446.5
1090,1462.25
1091,1472.5
1092,1472.75
1093,1469.5
1094,1456.0
1095,1476.5
1096,1463.0
1097,1454.0
1098,1469.5
1099,1449.25
1100,1429.75
1101,1436.5
1102,1412.25
1103,1377.0
1104,1376.75
1105,1353.75
1106,1378.75
1107,1385.25
1108,1386.0
1109,1385.25
1110,1379.0
1111,1384.5
1112,1406.25
1113,1410.25
1114,1396.75
1115,1405.25
1116,1396.5
1117,1399.5
1118,1410.0
1119,1376.75
1120,1369.5
1121,1377.25
1122,1386.25
1123,1379.75
1124,1386.0
1125,1378.5
1126,1366.0
1127,1303.25
1128,1290.25
1129,1283.25
1130,1285.0
1131,1229.0
1132,1232.0
1133,1203.25
1134,1243.5
1135,1260.75
1136,1246.0
1137,1249.5
1138,1232.75
1139,1225.5
1140,1252.0
1141,1252.25
1142,1280.75
1143,1275.0
1144,1281.25
1145,1286.0
1146,1284.25
1147,1279.75
1148,1286.0
1149,1313.75
1150,1326.75
1151,1340.0
1152,1312.0
1153,1327.75
1154,1330.75
1155,1322.25
1156,1331.5
1157,1323.75
1158,1285.75
1159,1311.0
1160,1292.0
1161,1275.5
1162,1287.75
1163,1305.5
1164,1325.75
1165,1334.0
1166,1323.25
1167,1339.5
1168,1360.75
1169,1375.25
1170,1365.75
1171,1360.0
1172,1370.5
1173,1374.5
1174,1411.0
1175,1425.5
1176,1406.25
1177,1392.75
1178,1391.25
1179,1391.25
1180,1403.75
1181,1391.75
1182,1368.25
1183,1386.0
1184,1373.0
1185,1365.25
1186,1340.25
1187,1308.25
1188,1314.75
1189,1317.25
1190,1299.75
1191,1363.5
1192,1355.25
1193,1321.75
1194,1316.5
1195,1320.25
1196,1332.5
1197,1321.5
1198,1335.75
1199,1332.25
1200,1293.75
1201,1309.0
1202,1316.0
1203,1311.0
1204,1321.0
1205,1309.5
1206,1298.0
1207,1285.75
1208,1276.0
1209,1255.5
1210,1278.25
1211,1308.5
1212,1317.0
1213,1316.0
1214,1311.75
1215,1333.0
1216,1336.25
1217,1341.75
1218,1351.0
1219,1346.75
1220,1349.5
1221,1333.75
1222,1314.75
1223,1314.25
1224,1311.25
1225,1317.0
1226,1316.0
1227,1309.0
1228,1283.75
1229,1281.0
1230,1276.0
1231,1283.25
1232,1281.75
1233,1283.5
1234,1272.25
1235,1271.5
1236,1248.5
1237,1241.75
1238,1231.75
1239,1250.75
1240,1250.75
1241,1241.75
1242,1245.25
1243,1237.5
1244,1219.0
1245,1213.0
1246,1234.0
1247,1230.75
1248,1228.5
1249,1245.75
1250,1255.25
1251,1243.5
1252,1222.75
1253,1229.5
1254,1237.25
1255,1233.25
1256,1205.25
1257,1195.0
1258,1192.75
1259,1196.5
1260,1209.25
1261,1201.5
1262,1201.5
1263,1219.75
1264,1232.25
1265,1238.0
1266,1237.5
1267,1226.5
1268,1226.0
1269,1232.25
1270,1246.0
1271,1248.75
1272,1238.0
1273,1237.25
1274,1241.0
1275,1254.75
1276,1247.75
1277,1239.5
1278,1244.25
1279,1259.25
1280,1270.0
1281,1253.5
1282,1254.75
1283,1254.0
1284,1246.5
1285,1246.5
1286,1253.0
1287,1257.0
1288,1258.5
1289,1260.0
1290,1273.5
1291,1282.75
1292,1286.5
1293,1290.25
1294,1308.5
1295,1326.0
1296,1314.0
1297,1318.75
1298,1313.75
1299,1320.75
1300,1333.0
1301,1332.75
1302,1340.0
1303,1331.0
1304,1327.75
1305,1344.25
1306,1339.5
1307,1333.5
1308,1334.25
1309,1348.25
1310,1334.25
1311,1348.0
1312,1355.75
1313,1371.0
1314,1370.0
1315,1379.0
1316,1362.5
1317,1346.0
1318,1327.0
1319,1338.5
1320,1322.0
1321,1314.75
1322,1314.5
1323,1295.0
1324,1295.75
1325,1294.0
1326,1286.5
1327,1284.0
1328,1287.25
1329,1293.5
1330,1299.0
1331,1314.75
1332,1309.75
1333,1321.5
1334,1317.25
1335,1324.5
1336,1311.5
1337,1299.0
1338,1299.25
1339,1290.75
1340,1283.5
1341,1283.5
1342,1294.25
1343,1302.0
1344,1289.75
1345,1292.0
1346,1283.0
1347,1285.0
1348,1308.5
1349,1311.0
1350,1291.25
1351,1289.0
1352,1292.75
1353,1292.75
1354,1300.25
1355,1303.75
1356,1293.75
1357,1301.0
1358,1291.5
1359,1292.0
1360,1294.5
1361,1292.0
1362,1283.0
1363,1265.25
1364,1254.0
1365,1254.0
1366,1244.75
1367,1244.25
1368,1246.0
1369,1244.75
1370,1254.0
1371,1255.0
1372,1253.5
1373,1262.5
1374,1261.75
1375,1273.0
1376,1281.75
1377,1264.5
1378,1269.0
1379,1282.0
1380,1310.0
1381,1313.5
1382,1323.0
1383,1312.0
1384,1311.5
1385,1315.25
1386,1313.0
1387,1325.75
1388,1326.75
1389,1322.5
1390,1321.5
1391,1313.25
1392,1318.25
1393,1322.5
1394,1343.25
1395,1336.5
1396,1321.25
1397,1312.0
1398,1297.5
1399,1302.75
1400,1310.25
1401,1312.75
1402,1307.0
1403,1307.5
1404,1300.0
1405,1292.5
1406,1305.0
1407,1307.5
1408,1297.5
1409,1295.0
1410,1284.5
1411,1293.5
1412,1292.75
1413,1288.5
1414,1302.0
1415,1317.5
1416,1308.25
1417,1311.0
1418,1309.25
1419,1315.0
1420,1313.6
1421,1302.75
1422,1300.25
1423,1294.5
1424,1280.5
1425,1281.0
1426,1286.5
1427,1285.0
1428,1288.0
1429,1285.75
1430,1287.25
1431,1277.75
1432,1268.5
1433,1271.0
1434,1264.0
1435,1267.25
1436,1256.0
1437,1254.25
1438,1247.0
1439,1237.25
1440,1234.75
1441,1238.75
1442,1236.5
1443,1223.0
1444,1222.5
1445,1214.0
1446,1225.0
1447,1224.0
1448,1210.5
1449,1222.25
1450,1217.75
1451,1210.0
1452,1208.5
1453,1214.5
1454,1207.5
1455,1193.25
1456,1207.5
1457,1220.0
1458,1227.5
1459,1222.25
1460,1228.0
1461,1233.0
1462,1223.5
1463,1241.0
1464,1238.0
1465,1241.0
1466,1251.75
1467,1246.75
1468,1240.5
1469,1231.75
1470,1230.5
1471,1228.25
1472,1228.0
1473,1205.75
1474,1173.25
1475,1170.75
1476,1169.25
1477,1145.25
1478,1144.5
1479,1145.0
1480,1172.0
1481,1151.25
1482,1163.25
1483,1161.0
1484,1154.0
1485,1187.0
1486,1202.0
1487,1200.75
1488,1194.0
1489,1193.25
1490,1196.0
1491,1202.25
1492,1195.75
1493,1196.5
1494,1184.5
1495,1178.75
1496,1197.0
1497,1203.25
1498,1204.0
1499,1204.5
1500,1195.25
1501,1206.5
1502,1228.25
1503,1219.5
1504,1223.5
1505,1210.75
1506,1199.25
1507,1199.0
1508,1210.75
1509,1197.5
1510,1195.25
1511,1179.5
1512,1177.0
1513,1194.0
1514,1186.5
1515,1199.25
1516,1184.25
1517,1192.0
1518,1211.0
1519,1213.75
1520,1206.5
1521,1211.25
1522,1222.0
1523,1239.0
1524,1228.75
1525,1235.25
1526,1258.25
1527,1275.5
1528,1292.25
1529,1298.0
1530,1287.0
1531,1293.5
1532,1282.75
1533,1279.0
1534,1287.0
1535,1275.5
1536,1263.5
1537,1274.25
1538,1281.0
1539,1269.25
1540,1263.75
1541,1264.0
1542,1242.25
1543,1237.5
1544,1235.5
1545,1225.25
1546,1225.75
1547,1233.5
1548,1221.75
1549,1206.5
1550,1217.75
1551,1203.5
1552,1193.5
1553,1195.5
1554,1206.5
1555,1220.0
1556,1205.0
1557,1216.75
1558,1207.75
1559,1204.25
1560,1199.75
1561,1196.5
1562,1173.75
1563,1161.0
1564,1158.75
1565,1161.25
1566,1156.5
1567,1157.0
1568,1154.75
1569,1149.0
1570,1164.0
1571,1171.75
1572,1181.4
1573,1193.25
1574,1192.55
1575,1209.4
1576,1198.0
1577,1187.4
1578,1179.25
1579,1181.25
1580,1201.5
1581,1208.5
1582,1211.1
1583,1196.0
1584,1201.9
1585,1197.85
1586,1191.45
1587,1189.85
1588,1204.6
1589,1204.55
1590,1203.25
1591,1197.7
1592,1202.4
1593,1187.75
1594,1192.15
1595,1182.75
1596,1201.4
1597,1204.8
1598,1204.3
1599,1179.0
1600,1187.4
1601,1191.25
1602,1183.0
1603,1185.25
1604,1184.75
1605,1184.45
1606,1193.0
1607,1214.75
1608,1216.3
1609,1228.15
1610,1219.65
1611,1206.75
1612,1209.6
1613,1211.0
1614,1194.0
1615,1187.85
1616,1189.45
1617,1190.4
1618,1187.3
1619,1188.75
1620,1186.6
1621,1182.45
1622,1175.9
1623,1173.4
1624,1181.0
1625,1186.0
1626,1180.5
1627,1179.25
1628,1178.25
1629,1182.1
1630,1178.5
1631,1198.0
1632,1198.15
1633,1193.7
1634,1183.35
1635,1175.75
1636,1174.6
1637,1174.4
1638,1176.5
1639,1175.0
1640,1171.7
1641,1164.3
1642,1168.25
1643,1164.25
1644,1166.25
1645,1154.25
1646,1162.1
1647,1162.4
1648,1154.95
1649,1153.2
1650,1154.75
1651,1145.1
1652,1143.0
1653,1115.0
1654,1108.0
1655,1096.8
1656,1101.65
1657,1083.75
1658,1098.6
1659,1095.6
1660,1096.75
1661,1085.65
1662,1080.05
1663,1093.0
1664,1092.6
1665,1086.5
1666,1085.0
1667,1091.35
1668,1094.8
1669,1113.25
1670,1116.8
1671,1117.35
1672,1116.75
1673,1117.3
1674,1119.15
1675,1123.2
1676,1137.95
1677,1149.35
1678,1153.5
1679,1154.25
1680,1134.4
1681,1128.5
1682,1125.5
1683,1141.9
1684,1140.0
1685,1130.05
1686,1125.0
1687,1121.0
1688,1120.85
1689,1122.3
1690,1107.75
1691,1106.35
1692,1108.0
1693,1105.5
1694,1109.75
1695,1118.15
1696,1136.0
1697,1136.85
1698,1129.3
1699,1124.6
1700,1134.45
1701,1145.5
1702,1137.5
1703,1124.6
1704,1122.5
1705,1114.2
1706,1106.3
1707,1134.35
1708,1136.9
1709,1147.9
1710,1143.3
1711,1151.5
1712,1164.2
1713,1154.4
1714,1173.7
1715,1183.35
1716,1176.35
1717,1171.65
1718,1173.7
1719,1174.4
1720,1166.45
1721,1171.55
1722,1168.5
1723,1165.75
1724,1171.5
1725,1159.0
1726,1147.75
1727,1135.8
1728,1130.9
1729,1118.0
1730,1107.3
1731,1107.7
1732,1095.6
1733,1092.5
1734,1088.6
1735,1087.6
1736,1083.75
1737,1094.5
1738,1080.8
1739,1070.5
1740,1073.1
1741,1085.15
1742,1068.35
1743,1073.0
1744,1072.2
1745,1070.5
1746,1064.65
1747,1055.65
1748,1069.25
1749,1066.9
1750,1050.6
1751,1063.0
1752,1082.7
1753,1071.75
1754,1078.4
1755,1072.0
1756,1067.2
1757,1068.0
1758,1069.15
1759,1065.75
1760,1065.85
1761,1055.25
1762,1071.15
1763,1077.0
1764,1071.5
1765,1071.9
1766,1067.25
1767,1067.8
1768,1062.25
1769,1072.7
1770,1078.0
1771,1083.85
1772,1096.0
1773,1097.45
1774,1104.7
1775,1094.85
1776,1081.8
1777,1090.75
1778,1081.1
1779,1090.45
1780,1087.0
1781,1093.2
1782,1096.8
1783,1097.65
1784,1103.7
1785,1114.7
1786,1116.5
1787,1119.0
1788,1112.9
1789,1122.0
1790,1123.6
1791,1130.0
1792,1146.25
1793,1158.5
1794,1173.4
1795,1188.9
1796,1183.4
1797,1223.25
1798,1239.5
1799,1208.45
1800,1212.0
1801,1202.4
1802,1204.4
1803,1221.5
1804,1203.65
1805,1218.75
1806,1232.25
1807,1235.4
1808,1231.0
1809,1234.15
1810,1240.0
1811,1229.35
1812,1241.95
1813,1271.5
1814,1267.6
1815,1274.1
1816,1258.25
1817,1247.25
1818,1262.25
1819,1256.55
1820,1233.6
1821,1233.1
1822,1269.6
1823,1254.5
1824,1244.25
1825,1251.8
1826,1232.2
1827,1216.45
1828,1216.45
1829,1238.2
1830,1233.6
1831,1232.1
1832,1215.0
1833,1231.5
1834,1225.75
1835,1237.5
1836,1235.0
1837,1247.25
1838,1259.2
1839,1245.75
1840,1240.3
1841,1229.75
1842,1237.7
1843,1241.7
1844,1247.75
1845,1257.65
1846,1245.4
1847,1230.85
1848,1234.5
1849,1244.75
1850,1256.6
1851,1274.5
1852,1296.5
1853,1280.3
1854,1275.75
1855,1280.25
1856,1277.75
1857,1264.85
1858,1271.8
1859,1268.3
1860,1275.15
1861,1281.0
1862,1270.1
1863,1270.9
1864,1253.75
1865,1256.5
1866,1250.4
1867,1242.65
1868,1220.75
1869,1226.65
1870,1221.25
1871,1210.5
1872,1216.25
1873,1215.5
1874,1211.0
1875,1240.55
1876,1241.1
1877,1252.4
1878,1258.35
1879,1266.6
1880,1284.1
1881,1279.4
1882,1282.0
1883,1307.0
1884,1284.5
1885,1283.25
1886,1280.8
1887,1265.0
1888,1265.75
1889,1313.85
1890,1324.6
1891,1312.0
1892,1317.75
1893,1317.0
1894,1331.75
1895,1348.75
1896,1344.75
1897,1370.0
1898,1367.1
1899,1356.1
1900,1358.25
1901,1352.85
1902,1340.25
1903,1325.7
1904,1330.5
1905,1326.15
1906,1332.2
1907,1325.6
1908,1322.0
1909,1323.2
1910,1315.0
1911,1321.25
1912,1320.8
1913,1341.3
1914,1332.5
1915,1348.85
1916,1358.15
1917,1364.4
1918,1351.15
1919,1362.6
1920,1330.0
1921,1332.9
1922,1351.85
1923,1344.55
1924,1336.7
1925,1339.2
1926,1349.1
1927,1342.75
1928,1347.1
1929,1346.85
1930,1334.3
1931,1338.5
1932,1337.3
1933,1324.5
1934,1324.9
1935,1318.85
1936,1314.45
1937,1305.7
1938,1311.5
1939,1328.3
1940,1330.05
1941,1348.75
1942,1348.0
1943,1335.65
1944,1327.5
1945,1328.5
1946,1323.2
1947,1320.1
1948,1314.25
1949,1315.05
1950,1315.4
1951,1319.6
1952,1332.45
1953,1335.9
1954,1336.3
1955,1335.85
1956,1324.8
1957,1320.85
1958,1327.9
1959,1318.65
1960,1309.15
1961,1274.0
1962,1265.5
1963,1255.0
1964,1262.1
1965,1256.4
1966,1255.7
1967,1258.0
1968,1256.15
1969,1252.7
1970,1261.65
1971,1269.75
1972,1269.2
1973,1263.95
1974,1267.0
1975,1269.3
1976,1273.9
1977,1269.3
1978,1265.9
1979,1274.2
1980,1284.4
1981,1295.85
1982,1293.0
1983,1301.7
1984,1286.8
1985,1284.0
1986,1304.55
1987,1280.9
1988,1255.65
1989,1222.6
1990,1228.9
1991,1225.7
1992,1232.0
1993,1206.1
1994,1214.95
1995,1217.55
1996,1213.25
1997,1187.25
1998,1187.5
1999,1189.1
2000,1187.3
2001,1187.4
2002,1168.75
2003,1171.65
2004,1164.9
2005,1171.15
2006,1171.25
2007,1174.75
2008,1168.9
2009,1154.4
2010,1157.35
2011,1160.95
2012,1132.45
2013,1134.85
2014,1137.6
2015,1132.75
2016,1134.4
2017,1130.55
2018,1131.0
2019,1139.75
2020,1146.8
2021,1159.1
2022,1148.65
2023,1165.9
2024,1173.05
2025,1178.0
2026,1176.1
2027,1183.2
2028,1187.55
